JIRA_Ticket,Project,Environment,Version,Commit_ID,Commit_Date,Commit_Message
AUTH-123,backend-api,DEV,1.8.2,abc12345,2024-01-15,"AUTH-123: Implement OAuth2 authentication flow"
AUTH-123,backend-api,TEST,1.8.1,def67890,2024-01-14,"AUTH-123: Fix authentication token validation"
AUTH-123,backend-api,PRE,1.7.5,ghi11111,2024-01-12,"AUTH-123: Add JWT token support"
AUTH-123,backend-api,PROD,1.5.0,jkl22222,2024-01-10,"AUTH-123: Initial authentication implementation"
AUTH-456,backend-api,DEV,1.8.1,mno33333,2024-01-14,"AUTH-456: Update password encryption algorithm"
AUTH-456,backend-api,TEST,1.7.8,pqr44444,2024-01-12,"AUTH-456: Implement secure password hashing"
BWD-789,frontend-app,DEV,2.2.1,stu55555,2024-01-16,"BWD-789: Redesign user dashboard layout"
BWD-789,frontend-app,TEST,2.1.0,vwx66666,2024-01-14,"BWD-789: Add responsive navigation menu"
BWD-789,frontend-app,PRE,2.0.0,yza77777,2024-01-08,"BWD-789: Initial dashboard implementation"
BWD-101,frontend-app,DEV,2.3.0,bcd88888,2024-01-17,"BWD-101: Add dark mode theme support"
FEAT-555,user-service,DEV,3.4.0,efg99999,2024-01-18,"FEAT-555: Implement user profile management"
FEAT-555,user-service,TEST,3.3.5,hij00000,2024-01-16,"FEAT-555: Add user preference settings"
FEAT-555,user-service,PRE,3.2.0,klm11111,2024-01-12,"FEAT-555: Create user profile API endpoints"
FEAT-555,user-service,PROD,3.1.0,nop22222,2024-01-05,"FEAT-555: Basic user management functionality"
FEAT-666,user-service,DEV,3.4.0,qrs33333,2024-01-18,"FEAT-666: Add user avatar upload feature"
FEAT-666,user-service,TEST,3.3.0,tuv44444,2024-01-15,"FEAT-666: Implement image processing for avatars"
HOTFIX-999,payment-service,PRE,4.1.1,wxy55555,2024-01-20,"HOTFIX-999: Fix critical payment processing bug"
HOTFIX-999,payment-service,PROD,4.1.1,wxy55555,2024-01-20,"HOTFIX-999: Fix critical payment processing bug"
PROJ-111,notification-service,DEV,1.4.5,zab66666,2024-01-19,"PROJ-111: Add email notification templates"
PROJ-111,notification-service,TEST,1.3.8,cde77777,2024-01-15,"PROJ-111: Implement push notification service"
PROJ-111,notification-service,PRE,1.2.0,fgh88888,2024-01-09,"PROJ-111: Basic notification infrastructure"
PROJ-222,notification-service,DEV,1.5.0,ijk99999,2024-01-19,"PROJ-222: Add SMS notification support"